Employer Name,Industry,Linkedin Profile
"""Brunswick Corporation """,,
"""Convergint Technologies LLC """,,
"""Crowe LLP """,,
"""Draeger, Inc. """,,
"""EMD Group """,,
"""IMA Financial Group, Inc. """,,
"""Milwaukee Electric Tool Corporation """,,
"""Northern Trust Corp. """,,
"""NOV Inc. """,,
"""Precision Combustion, Inc """,,
"""Segue Institute for Learning """,,
"""The Fedcap Group """,,
"""The High Companies """,,
"""Tigua Inc """,,
"""TK Elevator Corporation """,,
"""Twin City Fan Companies, Ltd. """,,
"""Victor Valley College """,,
01007 Heidelberg Materials NE LLC,,
10club,,
10th Judicial District Attorney General's Office,,
10x Value Partners GmbH,,
1220 Exhibits,,
1OfAKind Lifestyle,,
2b AHEAD,,
365 Retail Markets,,
3A Composites Display and Graphic Arts Americas,,
5554 Technologies Limited,,
"7th Special Forces Group, US Army",,
A First Name Basis Home Care,,
"A. L. Post, Inc",,
AARC Environmental,,
ABCorp NA Inc.,,
Abel Richard,,
Abiomed,,
Abode,,
Abright Capital Management,,
Acapella,,
Acaydia Spa and School of Aesthetics,,
Accenture Technology,,
Accurate Personnel,,
ACE Guides,,
Acelero,,
"ACH Food Companies, Inc.",,
Achieve,,
Acme,,
Acorns,,
"Acosta, Inc.",,
ACROBiosystems,,
ACTIA Corporation,,
Action Sales and Marketing,,
Active and Connected Family Therapy,,
"Active Solar Development, LLC",,
Actuate,,
Acuity Eye Group,,
Acuvon Consulting,,
Adams & Martin Group,,
Addison Group,,
"Adhesives Research, Inc.",,
Aditi Consulting,,
ADM,,
Adojo,,
ADUSA Supply Chain,,
Advanced Asset Management,,
"Advanced Sterilization Products, A Fortive Company",,
Adyen,,
AE Industrial Partners,,
Aegis Mobile,,
Aeronautical Systems Incorporated,,
AESTHETX,,
AFL Telecommunications LLC,,
Africa Capital Alliance,,
Afrinvest Asset Management Limited,,
AFS Logistics,,
Ag Nutrients,,
Agot AI,,
AHF Products,,
AiDevLab LLC,,
AIICO INSURANCE,,
AirBorn,,
"Aircraft Performance Group, LLC",,
Airgain Inc,,
Airport Home Appliance,,
Airspan Networks,,
"Ajinomoto Foods North America, Inc.",,
Akima LLC,,
Akkodis,,
"AKKODIS E&T, LLC",,
Akridge,,
AKUR8,,
Albion River,,
"Aldevron, a Danaher Corporation",,
AlerisLife,,
Alexandria Redevelopment and Housing Authority,,
Alianza Team,,
All Fleet Inc,,
Allan Myers,,
AllClear Aerospace & Defense,,
Allegheny Bradford Corporation,,
Allegion,,
Allegory Capital,,
Alliance Defending Freedom,,
Alliance for American Leadership,,
Alliance Safety Council,,
Allianz Global Corporate & Specialty,,
Allianz Global Investors,,
Allianz Partners,,
Allied Beverage Group,,
Allied Public Adjusters,,
Allsteel Inc.,,
Alorica,,
AlpineReplay dba Trace,,
Alstom,,
Alta Real Estate Partners,,
Altana,,
Altana.ai,,
Altice USA (part of Altice),,
Altice USA( part of Altice),,
Altis Servicios Financieros,,
Altman Solon,,
Amadeus,,
Amazon Japan G.K.,,
Amazon Web Services (AWS),,
Amazon.com Services LLC - A57,,
Ambarella Corporation,,
Ambit RD Inc,,
AMCON Distributing Company,,
Amentum Services Inc,,
American Academy of Family Physicians,,
American Academy of Nursing,,
American Ballet Theatre,,
American Credit Acceptance,,
American Family Insurance,,
American Honda Motor Co.,,
American Jewish Committee (AJC),,
American Mercy Home Care,,
"American Sugar Refining, Inc.",,
AMERI-CANS,,
Americor,,
"Amerilife Group, LLC",,
Ameritas,,
Ameropa,,
Ames Watson,,
AmesburyTruth,,
AMEX,,
Amherst,,
Ammega,,
Amphenol RF,,
AMR,,
Amtrak,,
Amtrak Group,,
Anderson Process,,
Anderson-Negele,,
Anduril,,
Anduril Industries,,
Anheuser Busch InBev,,
Anheuser-Busch,,
Antara Assisted Care Services,,
Antler,,
Any Hour Group,,
Apartment List,,
APG West,,
Apnimed,,
Appalachian College of Pharmacy,,
Appcast,,
Appex,,
Apple Leisure Group,,
Applied Control,,
Applus RTD,,
AppOmni,,
APR Staffing,,
Aprimo LLC,,
Aprio,,
Aptiv plc,,
AQ Technology Partners,,
Aquent,,
Arbor Realty Trust,,
Arbour Counseling Services,,
Arcadis,,
Archdiocese of Detroit,,
Archroma,,
Arcus Biosciences,,
Ardelyx,,
Aretum,,
Aria CV,,
ARIAD,,
Aris Water Solutions,,
Aritzia,,
Arizona State University,,
Arkema,,
Arlington Public Schools,,
Array Technologies,,
Arrow Global Group,,
Artemis Consultants,,
Artera,,
Artex,,
Arxada,,
Asana Partners,,
Asarco LLC,,
"Ascend Analytics, LLC",,
Ascendion,,
Ascent Aerospace,,
Ascentage Pharma,,
Ascentris,,
ASH Investment Partners,,
aShareX,,
Aspire Tour,,
ASSA ABLOY Group,,
Associa,,
Association for the Advancement of Medical Instrumentation (AAMI),,
ASTEC,,
Astronics AES,,
Athens Services,,
Athleta,,
Atlantic Street Capital,,
Atlas,,
Atlas Copco,,
Atlas Firms,,
Atlas Search,,
Atmos Energy,,
ATP,,
AtWork Group,,
Auburn University,,
Augment Analytics,,
Augur Consulting,,
Aura Bora,,
Aurum Mintek Private Limited,,
Auto Care Association,,
AUTOKINITON,,
Automation Anywhere,,
Automotive Recyclers Association,,
"AutoNation, Inc",,
Auxis,,
Avail Car Sharing / Allstate,,
Avalon,,
Avance Consulting,,
"AVANGRID RENEWABLES, LLC",,
Axion Strategies,,
Axle Informatics,,
Axos Bank,,
Azimuth,,
B&D Litho California,,
Babel Street,,
Bailey,,
Bain Consulting,,
Baldridge Financial,,
Ballast Consulting Group,,
Ballentine Partners,,
Banco Ripley,,
Banco Safra,,
Bank Of America Merrill Lynch,,
Bank of New York Mellon,,
Bank OZK,,
Bankuity,,
BankUnited,,
Barclays Capital,,
Barclays Capital Incorporated,,
Barclays CIB,,
Bare Wealth Advisors,,
Barge Design Solutions,,
Barnes,,
Barone Management LLC,,
Barry Callebaut Group,,
Baylor University,,
Bayside Solutions,,
BBVA USA (recently acquired by PNC),,
BCG Middle East Office,,
Bci,,
BCP,,
BCT - Bank of Charles Town,,
Beal Bank,,
Bealls Inc,,
"Bechtel Plant Machinery, Inc.",,
Behr Paint Company,,
"Beijing Hongzhou Investment Ltd,. Co.",,
Bellerophon DMCC,,
Belveron Partners,,
Bentley Systems,,
Berkley,,
Berry Virtual,,
Best Ever CRE,,
BEUMER Group,,
Beyondsoft,,
BG Foods,,
Bibibop Asian Grill,,
Bijak,,
Bimbo QSR,,
BioActive Technology,,
Bioretec,,
Bitget,,
Black Duck Software,,
Blackberg Group LLC,,
Blackstone,,
Blain's Farm & Fleet,,
Blank Family Communities,,
Blayze Group,,
Blinds To Go,,
Blk Out Transport LLC,,
Block Inc (Square Financial Services),,
Blockchain.com,,
BlockFi,,
Bloomberg,,
BloomRail,,
Blue Cross of Idaho,,
Blue Dog Equity LLC,,
Blue Marble,,
Blue Signal Search,,
Blue Yonder,,
Blueair North America,,
BlueCross BlueShield of South Carolina,,
BlueLinx Corporation,,
Bluemercury Inc.,,
Bluesight,,
Bluewater Hayes Inc.,,
BluIP Inc.,,
BluPeak Credit Union,,
BMAC Consulting,,
BMO US,,
BMV Advisors Limited,,
"BNP Associates, Inc.",,
Boar's Head Resort,,
Boeing Intelligence & Analytics,,
BOK Financial,,
"Bond & Company, Executive Search & Recruiting",,
Bond Street REIT,,
Bonhams,,
Bonobos,,
Boone Capital Management LLC,,
Boosterize,,
Boozy Frozen Treats LLC,,
Boston Medical Center,,
Bowman Consulting Group,,
BoxedUp Self Storage,,
Brad Foote Gearing,,
"Brailsford & Dunlavey, inc.",,
Brambles Group,,
Branding Brand,,
Brandon Rushing Lawn And Garden Care,,
BrandSafway,,
BrassCraft Manufacturing,,
Bravere,,
BRCG.,,
Brewer Attorneys & Counselors,,
Bridge,,
Bridge Partners,,
Bridgeway,,
BridgeWork Partners,,
Brigham & Women's Faulkner Hospital(BWFH),,
Bright Balance Accounting LLC,,
Brightpath Associates LLC,,
Brightside Capital Partners,,
Brightview Senior Living,,
Brimar Industries,,
Brink's Incorporated,,
Bristlecone,,
Broadwind,,
Bronze Valley VC,,
Brookaire Company,,
Brooks Construction,,
"Brooks Sports, Inc",,
Brotherhood Mutual Insurance Company,,
BrowserStack,,
"Brubaker & Associates, Inc.",,
Btechnical Group,,
Buchanan Creek Capital,,
Buchanan Legal Professional Services,,
Buffalo Groupe,,
Building Management Partners,,
Bully Pulpit International,,
"Burkholder & Associates, LLC",,
Burn Boot Camp,,
Burton Hill Capital,,
Busey Bank,,
Butterball,,
BXP,,
BYJU'S - Think & Learn Private Limited,,
Bytedance,,
"C. H. Robinson Worldwide, Inc.",,
C2 Graphics Productivity Solutions,,
C3 AI,,
Cabin Editing Company,,
Cactus Communications,,
CAIRE Inc.,,
Caliber Holdings Corporation,,
Califia Farms,,
CalOptima,,
CALPAK,,
"Calumet Specialty Products Partners, L.P.",,
CAM Property Services,,
Camber Consulting,,
Cambium Networks,,
Camellia Brand,,
Cam's Kettle Coffee Co,,
Candela Medical,,
Canoe Intelligence,,
"Canon Solutions America, Inc.",,
"Canon Virginia, Inc.",,
Canus Tech,,
Cape Fear Public Utility Authority,,
Capel Rugs,,
"Capital Bank, N.A.",,
Capital Group American Funds,,
Capstone Recruitment Inc.,,
"CaptionCall, LLC",,
Cardinal Scale Mfg. Co.,,
Cardiovascular Research Foundation,,
Cardless,,
Cardone Ventures,,
Care New England,,
CareerEco,,
Careismatic Brands,,
CareOregon,,
CarePatrol of Jacksonville Metro,,
Cargo Therapeutics,,
Carlisle Construction Materials,,
Carlisle Construction Materials (CCM),,
Carlsquare,,
Carpenter Co.,,
Caruso,,
Cash App (Block Inc),,
Caster Communications,,
Castlelake,,
CatbirdNYC,,
Catholic Health,,
Caveonix,,
Caxton Associate,,
CCEDC - Chester County Economic Development Council,,
cdpq,,
Cedent,,
CEE Equity Partners,,
cellular south,,
Celonis SE,,
Cemstone,,
Centella,,
Central Baptist College,,
Central Turbos,,
"Central Virginia Oral and Facial Surgeons, PLC",,
Centric Medical,,
CertainTeed,,
CEVIANS LLC,,
"CF Industries Holdings, Inc",,
CFP Board,,
Cfra Research,,
CGI Group of Companies,,
"Champion Energy Services, LLC",,
Chandan Enterprise,,
Charleys Philly Steaks,,
Charter Next Generation,,
Chartway Federal Credit Union,,
"Chatterton Insurance, Inc.",,
Chemonics,,
Cherry Bekaert LLP,,
Chew LLC,,
Chewey,,
Chicago Furniture Bank,,
Chiesi Farmaceutici,,
Children's National Hospital,,
Children's of Alabama,,
Chilis,,
Chiper,,
Chipotle Mexican Grill,,
Chiquita Brands,,
Choice Financial Group,,
CHS Corporate,,
Chubb INA Holdings Inc.,,
Cicero,,
Ciena,,
Cigars International,,
Citadel Pacific Ltd.- ROHQ,,
City and County of Broomfield,,
City Leadership,,
"City of Anna, TX",,
City of Austin,,
City of Claremont NH,,
City of Columbus,,
"City of Grapevine, TX",,
City of North Kansas,,
City of Raleigh,,
City Utilities of Springfield,,
CIVCO Medical Solutions,,
CJ ENM,,
CJ OLIVE YOUNG USA,,
CK Strategic Partners Inc,,
Clarifi Education PBC,,
Clarion Partners LLC,,
Clarke and Sampson,,
Clarkston Community Schools,,
Clayco,,
Clearwater Analytics,,
Cleveland-Cliffs,,
ClickUp,,
"Clinician's Choice Dental Products, Inc",,
Cloud Software Group,,
"Clutch Group, Inc.",,
Clyde Companies,,
CME Group,,
CMG Consulting,,
CNA Financial,,
"Coastal Sunbelt Produce, LLC",,
Cobalt Service Partners,,
CoBank,,
Coda Search?Staffing,,
Coffee Island,,
Coherus BioSciences,,
Coho Consulting Group,,
Coilmaster Corporation,,
Coke Florida,,
Colgate Palmolive,,
Collabera,,
Colliers,,
Collinwood Technology Partners,,
Colortech Inc,,
"Columbus Technology Solutions, Inc.",,
Comanche Nation - Indian Tribe,,
"Combined Properties, Incorporated",,
CommonLit,,
Commonwealth of Kentucky,,
Community Choice Financial,,
"Community Hospital, Grand Junction, Colorado",,
Commure,,
Commvault,,
"Compass Care, LLC",,
Compass One Healthcare,,
Compassus,,
Compeer Financial,,
Computershare,,
Conagra,,
Concentrix Catalyst,,
Concert Golf Partners,,
Concertiv Inc,,
ConcertoCare,,
Confidential Careers,,
Confidential Marketing,,
Confidential Private Equity Manufacturing Company,,
Confie,,
Conformis,,
Confusion Capital,,
Conga,,
Congressman John James,,
Connatix,,
Connecticut Innovations,,
Connecticut State Community College,,
Conservice,,
Consolidated Investment Group,,
Constellation,,
Consulum Government Advisory,,
Consumer Attorney Marketing Group (CAMG),,
Consumer Cellular,,
Consumer Healthcare Products Association,,
Continental AG,,
"Continental Properties Company, Inc",,
Convergent Energy and Power,,
Convoy Inc,,
Cooler Master,,
CooperDouglas,,
Copec,,
Copeland,,
Corebridge Financial,,
Cornerstone OnDemand,,
"Corning, Optical Communications",,
Coronation Capital,,
Corporacion Breca,,
Corporate Connections LLC,,
Cortex Building Intelligence,,
Cortland,,
Cosi Diva,,
CoStar,,
COTA Healthcare,,
Cotton Creek Capital,,
Cottrell Contracting Corporation,,
Council of Medical Specialty Societies,,
Course,,
Court of Justice of Sao Paulo,,
CoVantage Credit Union,,
Cox Corporate Services,,
CPS Energy,,
Crane Talent Group,,
Crawb LLC,,
Creative Nobels Private Limited,,
"Credence Management Solutions, LLC",,
Credit Acceptance,,
Credit.com,,
Crescent Electric Supply,,
Critical Fit Recruiting,,
Critical Flow Solutions,,
Critical Frequency Design,,
CrossCountry Mortgage Inc,,
Crossfire Consulting,,
CrossLink / GMLx,,
CrowdStrike,,
Crown Enterprises LLC,,
CRS Temporary Housing,,
Cryoport Systems,,
CSG,,
CSG Talent,,
"CTECH Government Solutions, LLC",,
Cullerton Group,,
Curate Capital,,
Curbio,,
Current,,
Custom Ink,,
Customer Value Partners,,
cva,,
CyberAgent,,
CyberCoders,,
Cybersecurity Infrastructure Security Agency,,
Cybersecurity Infrastructure Security Agency (CISA),,
Cypress Creek Renewables,,
"CYPRIUM SOLUTIONS, INC.",,
D.A. Davidson Companies,,
D1 Solutions,,
DA Davidson Carter Investment Planning,,
"DAI Global, LLC",,
DailyPay,,
Daimler Truck North America LLC,,
Dana Incorporated,,
Dandelion Energy,,
Dandy,,
Danville Regional Founation,,
Darden RSC,,
Dart Container,,
DarwinApps,,
Dashing Diva,,
Data Driven Streets,,
Databank Brokerage Ltd,,
Databricks,,
"DataStaff, Inc.",,
DataTribe,,
Davis & Hosfield Consulting LLC,,
Davis Polk LLP,,
Daymon,,
Dbm Global Inc,,
DBS Bank,,
dbt Labs,,
DC Housing Finance Agency,,
"DCO Energy, LLC",,
"Deacon Construction, LLC",,
DeepSky,,
Delek US,,
Delhi Technological University,,
Deliverlitics,,
Delta Electronics Americas,,
Demandbase,,
Dematic,,
Denny's,,
Department of Children and Family Services,,
Department of Transportation,,
Dermaforce Services,,
Dermatology Partners,,
DeSantis Breindel,,
Designer Brands,,
Desoco,,
"Despacho Limon Mestre, SC",,
Development Bank of Nigeria Plc.,,
Dexter,,
DG Plus Design,,
"DH Pace Company, Inc.",,
DHL eCommerce,,
Diamond Wipes International,,
Digital Realty,,
DIH Technology Co.,,
Dillon Morgan Consulting Inc,,
"Dinan & Company, LLC",,
Diona,,
Direct Agents,,
Discount Tire,,
Distributed Power Africa Private Limited,,
DIU (via TTI),,
"Diversified Recruitment Services, LLC",,
Dober,,
DOD Skillbridge Internship (Transitioning US Army Special Forces Officer),,
Dodge & Cox,,
DOJ,,
"Dole Packaged Foods, LLC",,
Dollar Bank,,
Dollar General,,
Dollar Tree,,
Domtar,,
Dorel Juvenile,,
Dover Corporation,,
Downstream,,
DPS Group Global,,
DR. REDDY'S LABORATORIES,,
Dr. Toni Irving,,
Dream11,,
"DriveTime Automotive Group, Inc.",,
DSC Partners,,
DSJ Global,,
DSM-Firmenich,,
DSV,,
Duquesne Light,,
"DWFritz Automation, LLC",,
Dye & Durham Corporation,,
Dymax Corporation,,
Dynacraft,,
Dynamic Renewables,,
D'Youville University,,
Dyson,,
E4E Relief,,
EagleBank,,
Eaglefeather Properties LLC,,
East Bay Municipal Utility District (EBMUD),,
East West Banking Corporation,,
Eastern Bank,,
Eastern New Mexico University,,
Eastward Partners,,
eCard Systems,,
ECS,,
ECS Tech,,
Eddy Morales for Congress,,
Edenred,,
EDF Renewables North America,,
EDF Trading,,
Edge Growth,,
Edgewell Personal Care Brands,,
"EDO, inc",,
Eempire.com Inc. dba DistantJob,,
EFCG,,
EFD Hydrometals,,
Efficio,,
eGain Corporation,,
"EGlobalTech, a Tetra Tech Company",,
Egret Consulting,,
Einstein Box,,
Eisco,,
Elanco,,
Elastic,,
Electrolux Professional Group,,
Elevate,,
Elevate Financial Partners,,
Elevated Industrial Solutions,,
Elevation Solar LLC,,
Elite Connector,,
Ellab,,
Ellequate,,
Elliott Company,,
Ellsworth Cooperative Creamery,,
Elma Electronic,,
Elme Communities,,
ELOREA,,
EMC Energy Insights,,
Emerson Electric,,
Empatica,,
Emplifi,,
Emporia,,
EMpower,,
Encore Talent Solutions,,
Endo,,
Endress+Hauser,,
Energix Renewables,,
Energy Trust of Oregon,,
EnerSys,,
English Translations for the Arts,,
ENPRAMEX COMPANY USA,,
ENR Top 400 General Contractor,,
"Ensign-Bickford Industries, Inc.",,
Enterey,,
EnterGain,,
Enterprise Bank & Trust,,
Entrust Datacard,,
Environmental Financial Consulting Group - EFCG,,
Envision Radiology,,
Envisioneering Inc,,
Enviva Biomass,,
Envoy,,
Envoy Air,,
EOG Resources,,
EOTECH,,
EPITEC,,
EPM Scientific,,
Equinox Media,,
ESAB Welding & Cutting GmbH,,
Esbjerg Energy,,
Espire Dental,,
Essendant Management Services LLC,,
Estes Express Lines,,
Ethox Chemicals,,
ETU,,
Etyacol Technologies Private Limited,,
Eurasia Group,,
Evercore Inc,,
Evergreen Service Group,,
EverOak Capital LLC,,
EVERSOURCE,,
EverSource Wealth Advisors,,
Everware International,,
Evichanted Lifestyles,,
Evolve M.E.P,,
Excel Engineering Inc,,
Excelligence Learning Corporation,,
Exemplis LLC,,
"Exyte U.S., Inc",,
EY India,,
Factor.AI,,
Factrade,,
Fading West,,
Faena Rose,,
Fama,,
Faraday Future,,
Farm Credit Bank of Texas,,
Farm Credit Network,,
Farmer Focus,,
Farmers Insurance Agencies,,
Fast Retailing Co.,,
Fastino,,
FCP,,
Federa,,
Federal Home Loan Bank of New York,,
Federal Realty Trust,,
Federated Service Solutions,,
FedTech,,
Feit Electric,,
Fenton,,
"Ferring Pharmaceuticals, Inc.",,
Ferrotec,,
Ferrovial,,
FGS Global,,
Fiberon,,
Fidelis Capital,,
Fidelity TalentSource,,
FieldStack,,
Financial Analyst,,
Find Great People | FGP,,
FinTrust Connect,,
FireSeeds,,
First Carolina Bank,,
First Choice,,
First Distribution,,
FirstBank Florida,,
FirstFour Staffing,,
"firstPRO, Inc",,
FirstService Residential,,
Fisher Management Partners,,
Fisker Inc.,,
Five Jars,,
Flatiron Energy,,
Flex Metrics,,
Flex Technology Group,,
Flexco,,
"Flight Spool, LLC",,
Florida Peninsula Insurance,,
Fluor Corporation,,
Fond du Lac Tribal & Community College,,
Food and Beverage Services,,
Foreign Service Institute,,
Foremost Farms,,
Forman Mills,,
Formica,,
Forragro,,
Fortif Law Partners,,
Fortress Building Products,,
Forward Air,,
Foundation for Economic Development,,
FOUNDRAE FINE JEWELRY,,
Foundry Commercial,,
Fox Rent A Car,,
"Fragomen, Del Rey, Bernsen & Loewy LLP",,
Fredericksburg Periodontics and Implant Services,,
FreshAhead,,
FreshRealm,,
Freshwater Advisors,,
Frette,,
Freudenberg Filtration Technologies LP,,
Friendly Franchisees Corporation/Silver Star Real Estate LLC,,
Frontier Coop,,
Frontier Technology Inc.,,
FTI Capital Advisors,,
Fu Yu,,
FuelCell Energy,,
Fujita Gumi,,
Fulbright Commission,,
Fuse Energy Technologies Corp (Fuse),,
Fusion Cell,,
Fusion Plus Solutions Inc.,,
FVLCRUM Funds,,
"FW Farms, LLC",,
Gallagher Benefit Services,,
Galls LLC,,
GalwayPlus,,
Gardner Inc.,,
Garrett Advancing Motion,,
Garrison Associates LLC,,
Gates Corporation,,
"GCI, Inc.",,
GEA Group,,
GEM Realty Capital,,
gener8tor,,
General Dynamic Information Technology,,
General Dynamics Information Technology,,
General Service Administration,,
"Gentuity, LLC",,
GeoComply,,
Geodis,,
Georgian Partners,,
Gerber,,
Germer International - Pharmaceutical Recruiting,,
GFiber,,
Ghana Revenue Authority,,
G-III Apparel Group,,
Gillette Children's,,
Givaudan,,
Glanbia Foods,,
Glenview Capital,,
Global Atlantic Financial Group Opportunities,,
Global Connect Technologies,,
Global Experience Specialists,,
Global Generosity Inc.,,
Global Partners,,
GlobalLogic,,
GMI Cloud,,
GMMB,,
Gojek,,
Golden Pass LNG,,
Goldenrod Companies,,
GoLiveHQ,,
Goodwill NCW,,
Goodwin Recruiting,,
Goosehead Insurance,,
Gorilla Commerce,,
GOSECO International Executive Search®,,
GoTab,,
Govcio LLC,,
"Government Acquisitions, Inc.",,
Government of India,,
"Graco, Inc.",,
Granger Management LLC,,
Granify,,
Graymark Capital,,
Great America Financial Services,,
Great Learning,,
Great Wolf Lodge,,
Greenfield Products,,
"Greensky, A Goldman Sachs Company",,
Grifols USA LLC,,
Grinnell Point Capital,,
Grocery Outlet,,
GroupM,,
Grupo Colpatria,,
Gruve,,
Guggenheim Securities,,
Gulmohar Capital Partners (“GC Partners”),,
Guy Hurley Insurance & Surety Services,,
GW Real Estate Partner,,
Gwinnett County Public Schools,,
GXO Logistics,,
H&H Leadership Solutions,,
H&M,,
HackerEarth Inc,,
HackerRank,,
Haleon,,
Halliburton,,
Hallmark Marketing Company,,
Hamlett-Dobson Funeral Homes,,
"Hammerton, LLC",,
Hanger Inc.,,
"HANWHA ADVANCED MATERIALS AMERICA, LLC",,
Hanyuan Huitong Investment Management,,
Harbison Holdings,,
Harbor Street Capital,,
Harkins Builders,,
HARMAN International,,
Harris Poll,,
Harris Spice Company,,
Hathr,,
Havens Group,,
Hawaiian Airlines,,
Hays,,
HCLTech,,
Hearth & Home Technologies,,
"Heidelberg Materials US, Inc.",,
Helena Agri-Enterprises,,
Henderson Inc.,,
Hengrui USA,,
Heritage Grocers Group,,
Herk & Associates - Heavy Equipment Jobs,,
Hewlett-Packard CDS GmbH,,
Hexcel Corporation,,
Hexpol,,
HF Sinclair,,
"HHI, part of ASSA ABLOY Group",,
High Country Search Group,,
HighRadius Technologies,,
Hilcorp Energy Company,,
Hill's Pet Nutrition,,
Hillview Consulting Solutions,,
Hire Integrated,,
"History Owls, LLC",,
HITT Contracting,,
HKA,,
Hobson Associates,,
Holcim US,,
Hollingsworth & Vose,,
Holman,,
Holy Cross Hospital,,
Home Depot / THD,,
Honda Motor Co.,,
Hood River Capital,,
"Hopeful Journeys Educational Center, Inc.",,
Horizon Blue Cross Blue Shield of New Jersey,,
Horizon Organic,,
Horizon Therapeutics,,
Hormel Foods,,
Hospital for Behavioral Medicine,,
Hospital for Special Surgery,,
House Majority PAC,,
HOUSE OF M,,
Howard Hughes,,
"HPC Ventures, LLC",,
HRS Hospitality & Retail Systems,,
HSAD North America,,
Huawei CBG Peru (Manpower Staff),,
Hub Group,,
Hubbell Incorporated,,
HUBZone Headquarters Inc,,
Hudson,,
Hudsonville Creamery and Ice Cream Company,,
Huff 'N Puff / Renewal by Andersen of Eastern NY,,
Hungryroot,,
Hunter Douglas,,
Hunter International Recruiting,,
Hunter Recruiting,,
Huntington Holdings LLC,,
Hydration Room,,
Hyperlift,,
HyperSpectral,,
Hyster-Yale Materials Handling,,
I&I Sling,,
Iberia Advisory,,
ICM Controls,,
ICONS | America LLC,,
IDB Invest,,
IDML Private Limited,,
IFS,,
Ignite Reading,,
IGT,,
iLabs Capital,,
Illinois State University,,
Illinois Valley Community College,,
"Imagine Staffing Technology, An Imagine Company",,
iMentor,,
Imperium Global,,
"Inari Medical, Inc.",,
Inclusively,,
INCOMPAS,,
Incyte Corporation,,
Independent Contractor Farmers Insurance Agency Owners,,
Indian Navy,,
Indian Oil Corporation Limited,,
Indian Space Research Organisation,,
Indicor LLC,,
Industrial Control Solutions,,
Industrial Strength Marketing (INDUSTRIAL),,
Industrias Peñoles,,
INEOS Aromatics,,
INEOS Oligomers,,
Infineon Technologies,,
Info Edge Ventures,,
Infojini Inc,,
Infolock Technologies,,
Ingredion,,
Inhale LLC,,
InHarmony Consulting Group,,
Inkhouse,,
InMobi Advertising,,
Innerwell,,
Innovative Reasoning LLC,,
Inrix,,
Insulation Specialties Inc.,,
In-Telecom,,
Intellia Advisors,,
Intelliswift - An LTTS Company,,
IntelliTrans,,
Interactive Resources - iR,,
Interclypse Inc,,
InterDent,,
Interior Logic Group,,
"International Business Accounting Tax Co., Ltd.",,
"International Data Group, Inc.",,
International English School Sundsvall,,
International Herald Tribune,,
"International Services, Inc.",,
Internship,,
Interstate Batteries,,
Intertrust,,
Intertrust Technologies Corporation,,
Intsel Steel West,,
Invariant GR,,
Investisseurs et Partenaires,,
Invue,,
INX International Ink Co.,,
IPG Photonics,,
IRAS Group,,
irca Group,,
IREX,,
Ironworks Development LLC,,
Irvine Technology Corporation,,
Island Capital Group,,
ISN,,
iStaff,,
IT BY DESIGN,,
"ITC INFOTECH (USA), INC.",,
iTree consulting management,,
J. Shaw Enterprises,,
"J.F.Shea Co., Inc",,
J.P. Morgan Private Bank,,
Jacksonville University,,
Jacobs,,
"Jacobs Management Group, Inc.",,
Jacobsen Construction,,
James Marshden Co.,,
Janco Engineered Products LLC,,
JBS,,
JBS International,,
JCPenney,,
JEA,,
Jellyfish,,
Jenner & Block,,
JFL Consulting,,
"Jiangsu SIXIN Scientific-Technological Application Research Institute Co., Ltd",,
Jinqiu Capital,,
JJ&S Environmental Services,,
JM Family Enterprises,,
JM Huber Corporation,,
JMark Services Inc.,,
"John B. Sanfilippo & Son, Inc.",,
John Crane,,
John Deere,,
John Moriarty & Associates,,
Johns Hopkins Medicine International,,
Johns Hopkins Technology Ventures,,
Johns Manville,,
Johnson Controls International,,
Johnston & Associates,,
JPB Partners,,
JPMC,,
JPMorgan,,
JPMorgan Chase & Co.,,
JPMorganChase,,
Judge Direct Placement,,
Judson Group,,
JUMP Investors,,
JUSTIN Vineyards & Winery,,
JVS Industrial,,
JZB,,
Kaiser Permanente- Mid-Atlantic States Region,,
Kalon Aesthetics,,
Kanaloa Seafood,,
Kansas State University,,
Kapor Capital,,
Kaye/Bassman International,,
Keesler Federal Credit Union,,
Keiretsu Capital,,
KellyMitchell Group,,
Kendra Scott,,
Kennebec Valley Community Action Program,,
Kens Foods Inc,,
"Kent Pet Group, Inc.",,
Keybridge,,
KeyFactor,,
Keystone Agency Partners,,
Keystone Strategy,,
Kiewit,,
"Kinetic Staffing, LLC",,
King Ranch,,
KIOTI Tractor,,
KIPP Northern California Public Schools,,
"Kiss Products, Inc.",,
Kitchen Tune-Up,,
KLA,,
Kleinman Property Management,,
KLNB,,
KnowYourself,,
Koko Home,,
Kong,,
Kotak Mahindra Asset Management Co.,,
KPMG Advisory Services Private Limited,,
KPMG Consulting Japan,,
KRD Imports Ltd,,
Krishna Realty,,
Kushner,,
Kuvo Inc.,,
KX Technologies,,
Kyndryl,,
"Kyocera Document Solutions America, Inc.",,
L&S Mechanical,,
L. Priori Jewelry,,
Lack + Daily Marketing Recruiting Experts,,
Lactalis USA Inc.,,
Ladder,,
Lakeside Bank,,
Land Credit,,
Landis+Gyr,,
Landmark Group,,
Lands' End,,
LANXESS Corporation,,
L'Arche Greater Washington DC,,
Larson & Company,,
Las Vegas Raiders,,
LaSalle Network,,
Lassen Community College,,
Latham Pool Products,,
Lazada,,
Lazard Freres & CO.,,
"LCAB Holdings, Inc.",,
Le Vian,,
Leadership Progress Coaching,,
LeafLink,,
Learnable.AI,,
Ledgent,,
Ledgent Technology,,
Lee Kum Kee USA,,
Leeward Energy,,
"Legacy Restoration, LLC",,
Legalsense Technologies,,
"Leon County, FL",,
Leoni,,
Leonid Capital Partners,,
LF Search,,
LHH,,
Lhoist,,
Liberty Advisor Group,,
Lief Labs,,
LIFE SURGE,,
Light & Wonder,,
Lili,,
Lilly,,
Lincoln Electric,,
Linde plc,,
Linden Property Group,,
LINDT & SPRUNGLI,,
"LINGLONG AMERICAS, INC",,
Litens Automotive Group,,
Little Caesars/Blue Line Distribution,,
Little Hands Virginia,,
LivaNova,,
LivePerson,,
Localiza,,
Loki Solutions LLC,,
Lolli & Pops,,
Long Wave Inc.,,
Louisiana-Pacific Corporation,,
Love All Tennis,,
Lowtemp Industries,,
LSC - LifeSciences Consultants,,
Lubrizol Corporation,,
Lucid Software,,
Lumen,,
Lumen Technologies,,
Luxco,,
"LuXout Product, Inc",,
LyondellBasell Industries,,
M I Technical Solutions,,
Macedon Technologies,,
Madison Capital Group,,
MagickWoods Limited,,
Magnit,,
Magnum Bikes,,
Malala Fund,,
Malnove Packaging Solutions,,
Management Analysis Technologies,,
Management Strategies,,
MANN+HUMMEL,,
MANTECH,,
Marco Rubio for US Senate,,
"Marine Specialties I, LLC",,
Mark43,,
Marlink group,,
"Marmon Foodservice Technologies, Inc.",,
Marotta Controls,,
Mars Inc.,,
Mars Percare,,
"Mars, Incorporated",,
Marshall Medical Center,,
Marshalls,,
Martinrea International,,
Masco Support Services,,
Mascoma Valley Regional School District,,
Mass General Brigham,,
Massman Automation,,
Master Lock,,
Master Technology Group | MTG,,
"MasterBrand, Inc.",,
"Mastronardi Produce-USA, Inc.",,
Matheson Financial Advisors,,
Matson Navigation Company INC,,
MAU Workforce Solutions,,
Mavenir,,
Maverc Technologies,,
Maverick Hotels & Restaurants,,
Maxar Intelligence,,
MaxBP,,
MaxCyte,,
"McCarter & English, LLP",,
McCarthy Building Company,,
McChrystal Group,,
McNeilus Financial Inc DBA MTM,,
MCR Hotels,,
MDC,,
MDIF,,
MedAire,,
Medasource,,
Mediacom Communications Corporation,,
Mediaocean,,
"Medical Instrument Development Laboratories, Inc.",,
Medit,,
Medix™,,
Medline Industries Inc,,
Meduit,,
Medusa Surgical,,
medViron,,
Megger,,
Meharry Medical College,,
Meltwater,,
MemorialCare Medical Foundation,,
Memphis Grizzlies,,
Mercado Libre,,
Merck Sharp & Dohme Corp.,,
Meridian IT,,
"Merit Capital Advisors, LLC",,
Meritage Medical Network,,
Merito (formerly Jigsaw Financial Technology),,
Merritt Group,,
MERSINO DEWATERING LLC,,
Messer LLC,,
Metric Bio,,
MetroNet,,
Metropolitan Transportation Commission,,
MGP,,
Miami-Dade County,,
MicroVention-Terumo,,
Midea America Corp,,
"Midland-Marvel Recruiters, LLC",,
"MidRail, LLC",,
Midway,,
Midway Attractions,,
Midwest Automotive Designs,,
Midwest Salt,,
MIGSO-PCUBED,,
Mill Creek Residential,,
Mill Point Capital,,
Millcreek Commercial Properties LLC,,
Millennial Software,,
Millennium Trust Company,,
Million Dollar Baby Co.,,
MilliporeSigma,,
Millsaps College,,
Milwaukee Electric Tool Corporation,,
Minot Capital,,
Miovision,,
Miracle Ear,,
"Mission Consulting, LLC",,
Mission Lane,,
Mississippi Lime,,
MJHS,,
MMC Corporate,,
MobiusShift,,
Mode Growth Partners,,
Moelis,,
Moen Incorporated,,
Moët Hennessy USA,,
Momentive Technologies,,
Monster Energy,,
Montgomery County,,
Morning Brew,,
Morrow & Associates,,
Morton Salt,,
Mount Mercy University,,
Mount Sinai,,
Mount Sinai Medical Center,,
Mount Sinai Solutions,,
Movement Search & Delivery,,
mParticle,,
mPulse Mobile,,
MRP Industrial,,
MRP Realty,,
MSA Safety,,
MSC Industrial Supply,,
MSC Mediterranean Shipping Company S.A.,,
"MSG Sports Entertainment Group, LLC",,
MTech Mobility,,
Mulberry Talent Partners,,
Murphy USA,,
"Mursion, Inc.",,
MUSC,,
MVP Health Care,,
MW Hospital,,
My Puravida Wellness,,
Myers Industries Inc,,
MyFitnessPal,,
"Myomo, Inc.",,
"Nanostring Technologies, Inc.",,
NASA - Johnson Space Center,,
"Naterra International, Inc.",,
National Capitol Contracting,,
National Fish and Wildlife Foundation,,
National Indemnity Company,,
National League of Cities,,
National Life Group,,
National Park Foundation,,
National Renewable Energy Lab,,
National Steel and Shipbuilding Com,,
National Trench Safety,,
National Urban League,,
NATO,,
NATO DIANA,,
Nature Fresh Farms,,
"Navistar, Inc.",,
"NCASI, Inc.",,
Necessary Ventures,,
Neighborhood Psychiatry,,
Nel Hydrogen,,
NeoRentas,,
Nepean Capital,,
Nephron Pharmaceuticals Corporation,,
Nestlé USA (part of Nestlé),,
Net2Source Inc.,,
NetElixir,,
Netscout Systems,,
Network Solutions IPA,,
Nevada Clean Energy Fund,,
New Edge Associates a Talent Acquisition Firm,,
New England Pension Consultants,,
"New River Legacy Partners, LLC",,
NewCastle Development Group,,
Newmark,,
NewtonX,,
Nexbelt,,
NEXHR,,
Next Door Foundation Inc,,
Nextherapy Neuro Rehab Centers,,
NextPatient,,
"NextSite, LLC",,
Niagara Falls Memorial Medical Center,,
Nicklaus Children's Hospital,,
Nidec,,
NiftyLabs,,
Nikola Corporation,,
Niobium Microsystems,,
Nisum Consulting Private Limited,,
No One Left Behind,,
NOHO HOME by Jalene Kanani,,
Nonco,,
Nonproliferation Policy Education Center (NPEC),,
Noogs,,
noosa yoghurt,,
Nordson,,
"North America Sekisui House, LLC",,
North American Partners in Anesthesia,,
Northern Virginia Family Services,,
Northmarq,,
Northside Hospital,,
NorthStrat,,
Nosis Bio,,
Nouryon,,
NOV,,
"Novahill Advisors, LLC",,
Novum Hospitality,,
NPD Group,,
NSW Department of Customer Service,,
Nucor Steel Indiana,,
Numat,,
"nVenia, A Duravant Company",,
"NVISION BIOMEDICAL TECHNOLOGIES, INC.",,
NW Natural,,
NXP Semiconductors,,
NY Presbyterian Hospital,,
"NYBR Cooperatieve Rabobank U.A., New York Branch",,
Nymbl Systems,,
NYU Langone,,
OA Private Capital,,
Oak Ridge Investments,,
Oak View Group,,
Oando PLC,,
Oatey,,
OCLC,,
Octane Lending,,
"Octapharma USA, Inc.",,
OCTOPYD,,
Odin,,
"ODL, Inc.",,
Odoo,,
Office of Senator Mark R. Warner,,
Office of the Texas Governor,,
"Ohio Gratings, Inc",,
O-I,,
Oisix USA,,
Old Republic National Title Insurance Company,,
Old Republic Title,,
"Olympus Wealth Management, LLC",,
Omada Search,,
OMD USA,,
Omega Engineering Inc,,
OMI,,
Omidyar Network,,
OmniMax International,,
OneDigital,,
"O'Neil Digital Solutions, LLC",,
"ONEOK, Inc.",,
Onsite,,
Onto Innovation,,
onX Maps,,
Operation Homefront,,
Optime Care,,
Options Clearing Corporation,,
Optos,,
OPW Clean Energy Solutions,,
Orange EV,,
OrangeTwist,,
Orano,,
Organon,,
Origis Energy,,
ORMAE,,
Orthofix,,
Oshkosh Defense LLC,,
Oski Technology,,
Össur,,
OTC Industrial Technologies,,
Other Executive,,
Otis Elevator Co.,,
OTR Solutions,,
"Otter Products, LLC",,
"Outcome Logix ( A Tech 50 Finalist company 2025 and 2022, by Pittsburgh Technology Council )",,
"Overland Group, Inc.",,
Overlay Build,,
Oxfam America,,
Oxynergy2,,
Ozone Ministries,,
PA Options for Wellness,,
Pace Analytical Services LLC,,
PackageX,,
Packard Culligan Water,,
PackGen,,
PACSUN,,
Pairwise,,
Paladin Capital Group,,
Palantir,,
Palantir Technologies,,
"Paley Institute Global, LLC",,
Palisades Growth Capital,,
"Palm Tree, LLC",,
Pan American Development Foundation,,
Panasonic Energy of North America,,
Papa John's,,
Paradigm Technology,,
PARCO (Pensioned Americans Retirement Company),,
Parker Drilling Company,,
Parker Hannifin,,
Parque Arauco,,
Particle Measuring Systems,,
Partners Group (USA) Inc.,,
Partners Personnel,,
Parx Casino,,
Pathfinder Security Advisors,,
Patriot Pickle,,
Pava Partners (form. TD Cowen),,
PayJoy,,
Payment Alliance International,,
Paytm (One97 Communications Ltd),,
PDI,,
PDQ.com,,
"Peaden Air Conditioning, Plumbing & Electrical",,
PEER Consultants P.C,,
Peet's Coffee & Tea,,
Pei Genesis Inc.,,
Penta Group,,
People Tech Group Inc,,
Peraton (and retired USAF Colonel),,
Perfecta,,
PerkinElmer,,
Perkins School for the Blind,,
Peterson's,,
Petrichor,,
"Pettee Investors, Inc",,
PharmaACE,,
Pharmaron,,
"PharmScript, LLC",,
Phenom People,,
Phenomenex & Agela,,
"PHI, Inc.",,
Phillips Oppenheim,,
Phoenix Tailings,,
Photon,,
"Physician Affiliate Group of New York, P.C. (PAGNY)",,
Physician's Choice,,
Physicians Private Client Group,,
Pierce Transit,,
Piermont Bank,,
Pilot Company,,
Pima County,,
Pinnacle Recruitment,,
Pinnacle Search,,
Piper Companies,,
Pipkin Construction,,
Piston Automotive,,
Piva Capital,,
PJM,,
Planning Alternatives,,
Plaza Premium Group,,
Plymouth Rock Assurance,,
"PMO Partners, LLC",,
Pocahontas Parkway by Globalvia Investments,,
Podimetrics,,
Polaris Capital Management,,
POP MART,,
Popular Bank,,
Porsche Financial Services Inc.,,
Port of Seattle,,
PotlatchDeltic Corporation,,
Power-4,,
Prada Group,,
PreciseTarget,,
Precision Resource,,
Premiere Property Services,,
Premium Cigar Association,,
Premium Service Brands,,
Prescott's Med,,
Preston Wealth Advisors,,
Price Waterhouse Coopers,,
Priceline.com,,
Pride Health,,
PRIME ROOTS,,
Primoris Services Corporation,,
Primus Pharmaceuticals,,
Princeton Plasma Physics Laboratory,,
Principal Financial Group,,
PrismHR,,
"Private Client Resources, LLC",,
Private Practice,,
PROBIS,,
ProblemX.AI,,
Procon Consulting,,
"Professional Research Services, Inc.",,
Progress Rail,,
Progressive Capital Management,,
Progressive Leasing,,
Promise Academy,,
"Promontory Financial Group, an IBM Company",,
Pronto Housing,,
Propeller Consulting,,
Prospect Medical Holdings,,
PT. Pupuk Kalimantan Timur,,
Public Properties,,
Public Utility Commission,,
Publicis West Africa,,
PulseCheck HR,,
Pure Fishing,,
PureCycle Tech,,
Pursuit,,
P?rvelo Cycle,,
PVD Products,,
"Pyramid Consulting Group, LLC",,
Q Investments,,
QED Investors,,
Qlik,,
"Qorvo, Inc.",,
Quadra Capital,,
Quadrant Strategies,,
Qualicorp,,
"Qualifacts Systems, LLC",,
"Quality Agents, LLC",,
Quality Craft,,
Quantiphi,,
Quantitative Economic Solutions,,
Quantum Advanced Engineering Plastics,,
Quest Global,,
QuickTurns Salt Lake,,
Quincy Street Dental,,
Quinn Emanuel Urquhart & Sullivan,,
Quinn Evans Architects,,
QuintEvents,,
Radiant Dev,,
Radiometer,,
Radius Recycling,,
RadTech,,
Rady Children's Hospital-San Diego,,
RAIN,,
Rand Merchant Bank Nigeria,,
Random Math,,
Randstad USA,,
Rankin County School District,,
Rapid Response Monitoring,,
Raraity,,
Rawlings Sporting Goods Company Inc,,
Raya,,
Raytown Developers Inc.,,
Ready Capital,,
Realfoundatioms,,
Reality Consultation LLC,,
Recor Medical,,
Recount Media,,
Red Oak Technologies,,
Redblock,,
Redbrick LMD,,
Redwood Housing,,
Reformation,,
Reformed University Fellowship (RUF),,
Reformed University Fellowship (RUF) at Stanford University,,
Refresco,,
Refresco North America,,
REI Systems,,
Related Management Company,,
Reli.,,
"Reliance One, Inc.",,
ReliaQuest,,
Remission Medical,,
Renaissance Strategic Advisors,,
Renewal by Andersen,,
Renewal By Andersen of British Columbia,,
Renmo Inc,,
Reply Group,,
Repsol,,
Republic Airways,,
Republic Elite,,
Republic National Distributing Company,,
Republican National Committee,,
Reserve Bank of India,,
Resolution Economics,,
RETS Associates,,
Revere Control Systems,,
Revolution - ROTR,,
Revolution Medicine,,
Rexroth,,
Reyes Holdings,,
RH,,
Rheem Manufacturing,,
Rheem Manufacturing Company,,
"Rhino USA, Inc",,
Ria,,
Rialto Capital Partners,,
Riddhi Siddhi Textiles,,
Ridian,,
"Rinchem Company, Inc.",,
Rio Bravo Investimentos,,
Rio Grande,,
Rios Partners,,
Rise Baking Company,,
Rise Technical,,
Rise48 Equity,,
Risk Scout,,
Riskonnect,,
Riteaid Pharmacy,,
Rite-Hite,,
Rivendell Global Real Estate Inc.,,
River's Edge,,
Riverside Denbigh Professional Park,,
Riverside Dental,,
Riverside Health System,,
RK&K,,
Robert Half,,
Rochester City School District,,
RocketSource,,
Rockwood Resources,,
Rodel Institute,,
RodgersHouder: Human Capital Solutions,,
Rogers Group Inc.,,
Röhlig Logistics,,
Rosneft,,
Rosneft Oil Company,,
Ross University School of Medicine,,
Roswell Park Cancer Institute,,
RS Integrated Supply,,
RTI International,,
RTX,,
Rubrik,,
"Rudolph Foods Company, Inc.",,
Rushmark Properties,,
Russell Tobin,,
RWE Renewables Americas LLC,,
Rx Savings Solutions,,
"RXO, Inc.",,
RYAM,,
S2 Capital,,
Sabanci Climate Ventures,,
"Sabre Industries, Inc.",,
Sabre Ridge Capital LLC,,
Safeway,,
Safra National Bank,,
Safran,,
SAFRAN SA,,
Sahel Capital Fund Manager Limited,,
Saildrone,,
Saint Gobain Life Sciences,,
Saint Louis University,,
Saint Mary's College of California,,
Salmos ai,,
Salsify,,
Saltair,,
Saltchuk,,
"SAM, Inc.",,
Samsara,,
Samsung GSG,,
San Diego Gas & Electric,,
San Joaquin County,,
"SanDow Construction, Inc",,
Sandoz,,
Sands Investment Group,,
Santa Fe Dreamers Project,,
Santander,,
Santander Capital Markets,,
Santander USA,,
Sarepta Therapeutics,,
Saronic,,
SAS,,
Sattva Media and Consulting,,
Saturna Capital,,
Savills North America,,
Sayari,,
SBA Source,,
SC Services LLC,,
SC&H Capital,,
"Scenthound Services, LLC",,
Schindler Elevator Corporation (U.S.),,
Schmidt Facial Plastic Surgery,,
Scholastic,,
SCHWAN'S,,
Schweitzer Mountain Resort,,
Sciolex Corporation,,
Scoot Education,,
Scopely,,
ScribeAmerica,,
SCSK Corporation,,
Seaport Global Securities,,
Search Solution Group,,
Seaside Equity Partners,,
SEBPO,,
Secret Sauce Brands,,
Securitas Electronic Security,,
Securities & Exchange Commision,,
Seek Now,,
Seelos Therapeutics,,
SEHC,,
SEI1GLOBAL,,
Self Employment,,
Self-Employed / Capital Management LLC,,
Senate Foreign Relations Committee,,
Sensient Technologies,,
SeriousFun Children's Network,,
Serve Freight,,
Service Experts,,
SES Integrators,,
Sesheng,,
Seurat Group,,
SGN Corp,,
Shamrock Foods Company,,
Shaw Industries,,
Shea Homes,,
Shenzhen Airlines,,
Shield Consulting,,
Shift5,,
Shiloh Industries,,
Shin Yen Retail Property Management,,
Shine Consulting Inc.,,
Shinelogistics,,
Shixiang Capital,,
Shoe Carnival,,
Shopee,,
Shopee International Indonesia,,
Siemens Industry Software Inc.,,
Siemens Smart Infrastructure,,
Sign In Solutions,,
Silgan,,
Silverado Farming Company,,
Simple Technology Solutions,,
SimpsonScarborough,,
Simspace Corporation,,
Sisecam Chemicals Resources LLC,,
Sixfold AI,,
Sixth Street,,
Skinzy Software Solutions Pvt. Ltd.,,
Sky Harvest,,
Skybound Entertainment,,
Skyloom Global Corp.,,
Skyrocket Ventures,,
Skyworks,,
Smeal - A REV Group Brand,,
SMG System Medical Group,,
SMHG Management LLC,,
Smoothie King,,
Snappy Gifts,,
SoCalGas,,
Social Marketing Influence LLC,,
SoftServe,,
"Softworld, a Kelly Company",,
Solaris Venture Partners LLC,,
Solomon Page,,
Solve Education Holdings,,
Solventum,,
Somatus,,
Sonora Quest,,
Sontag Innovation FunThe Sontag Foundation,,
Soo Corporation,,
"Soochow Securities Co., Ltd.",,
Sorrento Lactalis Inc,,
Sortizy,,
Sound Agriculture,,
Sound Physicians,,
Source EQ,,
Southcoast Health System,,
Southeast Asia Resource Action Center,,
Southeast Toyota Finance,,
"Southeastern Freight Lines, Inc",,
Southern Star Central Gas Pipeline,,
Southwest Research Institute,,
"Southwire Company, LLC",,
Spark,,
Spark Foundry,,
Spartan Capital Group,,
Spartan Emergency Response,,
"Specialized Recruiting Group - Rochester Hills, Troy, & Clinton Twp, MI",,
Specialpy Chemicals,,
Spencer Ogden,,
Sphera Solutions,,
Sphurthy Packaging,,
Spring Hill Real Estate,,
Square Peg Technologies,,
"SRC, Inc",,
SRM,,
SRP Companies,,
SS&C,,
St Luke's Health,,
Stabilis Solutions,,
Stack Browser,,
Staffers Inc.,,
Staker Parson Companies,,
Stand Together,,
Standard Bank,,
Standard Bank Group Limited,,
Standard Bank of South Africa,,
Stanley Consultants,,
Star Tribune Media Company LLC,,
StarKist,,
Starship Technologies,,
Starting Own Business,,
Stat! Cardiologist: Cardiology and Internal Medicine.,,
State Employees Credit Union,,
State of Alaska,,
State of Arizona,,
State of Illinois,,
State of Illinois Department of Children and Family Services,,
State of Nevada,,
State of Utah,,
State of Wyoming,,
State University Construction Fund,,
Statesman Business Advisors,,
Staunton City Schools & City of Staunton,,
Stealth Impact VC Firm,,
Steamvector/Sigmoid,,
Stears,,
Stella & Chewy's,,
Stellantis Financial Services US,,
Steller Jaasmine SFO DMCC,,
"Stem, inc.",,
StepStone Group,,
Stericycle,,
StevenDouglas,,
Stolle Machinery Company,,
Stonewood LLC,,
Stony Brook University Hospital,,
StoreEase Virtual Management ®,,
Stott and May,,
Strategic Insights LTD,,
"Strategic Resources, Inc.",,
Strategy & Dubai,,
Straumann Group,,
Streamline Technologies Inc.,,
Streck,,
Stress Free Auto Care,,
Stress-Free,,
StudentBridge,,
Suffolk Federal Credit Union,,
Summit Capital,,
Summit Management Partners,,
Summit Outdoors,,
"Summit Polymers, Inc.",,
Summit State Bank,,
Sunday River,,
SunTx Capital Partners,,
Super Coffee,,
Susquehanna University,,
Sutton International,,
SVB Securities LLC,,
SWBC,,
swipejobs,,
Swire Coca-Cola,,
Swire Properties,,
Symbotic,,
Synergy Interactive,,
Synpulse,,
Synthomer,,
Syracuse University,,
T/BOA,,
Tacit Edge Ltd,,
Tacoma Public Schools,,
"Tactical Air Support, Inc.",,
TALENT Software Services,,
Tall Hat Foods,,
Talok Capital,,
Talution Group,,
Tampa General Hospital,,
Tandem,,
Tara Wilson Agency,,
Targa Resources,,
Targeted Approach,,
Targeted Victory,,
Tata Electronics,,
Tatum by Randstad,,
"Taurus Industrial Group, LLC",,
TAV Operation Services,,
"Tawa Supermarket, Inc.",,
TC Latin America Partners,,
"TDK Headway Technologies, Inc.",,
TEALEAVES,,
Team Builders,,
Tecan CDMO Solutions,,
Tech Mahindra,,
TechnoBiz,,
Technology Advancement Group,,
Technomics,,
Techo Real Estate Capital/Yellowstone Capital Partners,,
TEKsystems,,
Telemetry LLC,,
Teleperformance,,
Telesis Bio,,
"Tempositions, Inc.",,
Tempur Sealy,,
Ten Mountain Capital,,
Tencent Americas,,
Tenfold Search & Advisory,,
Terumo Neuro,,
Tessera Therapeutics,,
Tetra Pak,,
Texas Children's Hospital,,
Texas Instruments Incorporated,,
Texas Paypro,,
Texas Tech University,,
Teza Technologies,,
The Alliance Group,,
"The Austin Group, LLC",,
The Boring Company,,
The Brydon Group,,
The Catlin Gabel School,,
The Charles Stark Draper Laboratory,,
The Children's Place,,
The Chronicle of Higher Education,,
The Cigna Group,,
The City of Edina,,
The College of Wooster,,
The Connor Group,,
The Consello Group,,
The Cooper Companies,,
The Daily Mail,,
The Dollywood Company,,
The Dow Chemical Company,,
The Experiential Group,,
The Federal Home Loan Bank of Chicago,,
The First National Bank of Bemidji,,
The Fishel Company,,
The Guthrie Clinic,,
The Hartford,,
The HEINEKEN Company,,
The Heritage Foundation,,
The Hill,,
The Honickman Companies,,
The Human Connection,,
The Intersect Group,,
The J. M. Smucker Company,,
The John F. Kennedy Center for the Performing Arts,,
The Judge Group,,
The Landline Company,,
The Lanier Law Firm,,
The Lewin Group,,
The Lewin Group / Optum,,
The Metropolitan District Commission,,
The New Britain Bees,,
The New Cool Run School,,
The North Face,,
The Ori Company,,
The Peterson Institute for International Economics,,
The R.O.W Group,,
The Stagecoach Group LLC,,
The Stephens Group,,
The Travel Technology Association,,
The University of Texas Rio Grande Valley,,
The US-Libya Business Association,,
The Valhalla Sailing Project,,
The Valley Health System,,
The White House,,
The Whiting-Turner Contracting Co.,,
The Wood Agency,,
Theisen's Home Farm & Auto,,
Then I Met You,,
Therma-Tru Corporation,,
Thind Management,,
Think9 Technologies,,
ThinkReliability,,
ThinkTek,,
ThinkZone Ventures,,
Thira,,
Third Coast,,
Thomas James Homes,,
Thompson Pipe Group,,
Thor Urbana Capital,,
Three Twenty-One Capital Partners,,
Thrive Technologies,,
"Throughline, Inc.",,
TI Communities,,
Tidal Basin,,
Tier4 Group,,
Tierra Mia Coffee Company,,
Tim Scott for America,,
Timberline Bank,,
Tipton & Hurst,,
Tivoli,,
Tmax Tibero,,
TMC Transportation,,
Tokenworks Inc,,
TOMIS,,
Top Corner Consulting,,
Top Talent,,
Topbloc LLC,,
Toro Construction Corp.,,
Toshiba,,
Toshiba America Business Solutions,,
Toshiba International Corporation,,
"Total Care Services, Inc.",,
Total Quality Logistics (TQL),,
TotalEnergies,,
"Toying With This Idea, LLC",,
Toyota Motor Manufacturing Alabama,,
"Trachte, LLC",,
Tractor Supply Company,,
"Trades Holding Co., LLC",,
Traditional Medicinals,,
Transact Capital,,
Transcend Solutions,,
Transdev,,
Transformation to Recovery,,
Transformco,,
Transocean,,
TransPecos Banks,,
Transplace,,
Transport Services Limited,,
"TransTech, Inc",,
TRC Companies,,
Trelleborg Medical Solutions,,
TRexBio,,
Tridentis LLC,,
TRINITY INCORPORATION,,
Trinity International University,,
Trinity Partners,,
Triosim Corporation,,
"Triumvirate Environmental, Inc.",,
"Triup, Inc.",,
TriVista Recruitment,,
Troutman Pepper Locke LLP,,
TrueCare,,
Truist Bank,,
TruMinds Technologies,,
Trusted Media Brands,,
Trusted Solutions,,
Trustly,,
"TSR Consulting Services, Inc.",,
TUMI,,
Turning Stone Enterprises,,
TVH Parts Co.,,
Twin City Foods Inc.,,
Two Sigma,,
Tyton Partners,,
U Brands,,
U.S Navy,,
U.S. Army Reserve Command,,
U.S. Bank National Association,,
U.S. Department of Homeland Security - Customs and Border Protection,,
U.S. GAO,,
U.S. National Park Service,,
U.S. State Department,,
Ugam,,
UInclude,,
UIP Companies,,
Uline,,
Ullico,,
"Ulteig Engineers, Inc.",,
Ultimus Fund Solutions,,
Ultra Clean Technology,,
Unicity International Inc,,
UniFirst,,
UnionState Bank,,
United Nation Development Programme,,
United Nations Development Programme,,
United Rentals Inc,,
Universal Creative,,
Universal Destinations & Experiences,,
Universal Leaf Tobacco Compan,,
Universal Studios Hollywood,,
University of Alaska,,
University of Bordeaux,,
University of California Irvine,,
University of California Merced,,
University of Colorado Boulder,,
University of Hawaii,,
University of Illinois Foundation,,
University of Maryland Medical System,,
University of Nebraska,,
University of New South Wales (UNSW),,
University Of North Texas,,
University of South Florida,,
University of Tampa,,
University of Toledo,,
University of Virginia Community Credit Union,,
University of Virginia Foundation,,
UOB Bank,,
Uplight,,
Upperline47!,,
Urban Grid Solar,,
Urban Logistics Realty,,
Ursa Major,,
US Farm Service Agency,,
US House of Representatives,,
US Internal Revenue Service,,
US Navy Reserve,,
US Senate Committee on Appropriations,,
US Silica,,
US Soccer Federation,,
US Tech Solutions,,
"USA Environmental, Inc.",,
USAP Community School,,
USC,,
Ust,,
UVA LVG,,
V4Infi Technologies,,
Vacasa,,
Vaco,,
Vaco by Highspring,,
Vail Resorts Corporate,,
Valcourt Group,,
Valence Acquisitions,,
Valor Capital Group,,
Valor Front,,
Van Wall Equipment,,
Vandor Corporation,,
Vanguard International Semiconductor Corporation (VIS),,
Vannevar Labs,,
Vans,,
Vantage Specialty Chemicals,,
Velcro USA Inc.,,
Velocitor Solutions,,
Velosio,,
Venture Capital,,
Vera Bradley,,
Veracity Engineering,,
Verdesian,,
"Verinetics, Inc.",,
Veritas Partners,,
Verkada,,
Viant,,
Vicara,,
Vicarious Surgical,,
Victaulic,,
Victoria's Secret,,
Vida Group International,,
VillaeMD,,
Virbac,,
Virginia Community College System,,
Virginia Department of Transportation,,
Virginia Transformer Corp,,
Virginia Works,,
Virtru,,
VirtuSense,,
Viscadia,,
Viseven,,
Vision Homecare Services,,
Visionary ASC,,
Visionet Systems Inc.,,
Vogo Automotive,,
Volkswagen Credit Inc.,,
Vontobel,,
Voss Capital,,
VuGru,,
Vulcraft Nebraska,,
VyStar Credit Union,,
W. L. Gore & Associates,,
Wacona Capital,,
Walbro LLC,,
Walmart (incl. eCommerce),,
Walmart Spark,,
Walmart US,,
WarHorse Casino,,
Warmboard,,
"Warner Bros. Discovery, Inc",,
Warren,,
Washington Business Dynamics,,
Washington Hospital,,
Watson-Marlow Fluid Technology Solutions,,
WCAS,,
WCAV-TV,,
Wealth Enhancement Group,,
Wealthfront,,
Weekend Beer Company,,
WEG Electric Corp,,
Weir Group,,
Wellesley Cove Group,,
Werfen,,
Werner Electric Supply,,
Wesco Aircraft,,
West Shore Home,,
West Virginia School of Osteopathic Medicine,,
Western Alliance Bank,,
Western Digital Technologies Inc.,,
Western Explosives Systems Company (WESCO),,
Western Union,,
Western Veterinary Partners,,
"WestPac Labs, Inc.",,
Weyerhaeuser,,
WGL Energy,,
Whalen Group Executive Search,,
"Where Food Comes From, Inc.",,
Wichita State University,,
Wieden + Kennedy,,
Wilary Winn,,
Wilbur-Ellis Company,,
WildChina,,
Wilks Brothers,,
William & Mary,,
"William Mullen Clark and Dobbins, PLLC",,
Williams,,
Williams International,,
Willis Johnson & Associates,,
WillScot | Mobile Mini,,
"WILMINGTON AUTO GROUP, LLC",,
Wilshire Advisors LLC,,
Wilson Language Training,,
Wingstop Restaurants Inc.,,
Winston-Salem Rescue Mission,,
Wip,,
Wisdom Family Office,,
Wiss,,
WITHIN LLC,,
WizCo Solutions,,
WM,,
Wonder Franchises,,
Wonderful Orchards,,
Woodlands Resort,,
Work Services Corporation,,
Workzone Traffic Control,,
WorldStrides,,
Worley,,
Worthington Industries,,
Worthy.com,,
"WoundZoom, Inc",,
WP Engine,,
WSB,,
Wurth Industry North America,,
WVU Hospitals — Ruby Memorial Hospital,,
WYZE Consulting Services Limited,,
X6 Technology,,
Xenon arc,,
XP Investments,,
XPO,,
XtalPi Inc.,,
Yamaha Motor,,
"Yamaha Motor Corporation, USA",,
Yandex.Taxi LLC,,
"Yardi Systems, inc.",,
YASH Technologies,,
Yili Group,,
YMCA of San Diego County,,
YWCA Richmond,,
ZEE,,
Zeekr International,,
ZeniMax Media Inc.,,
Zenni,,
ZeroEyes,,
Zerorez of Atlanta,,
ZEUS INDUSTRIAL PRODUCTS,,
Zeus Living,,
ZeusRED Management Corporation,,
"Zima International, Inc. dba Dandy",,
Zobility,,
Zoox,,
Zurn Elkay Water Solutions,,
Zycus,,
